PIDN,Ca,P,pH,SOC,Sand
09gt9UK5,-0.30392832,0.03647171,-0.08949167,-0.27985477,0.15593335
0BVvxJ6a,-0.24141443,-0.10023535,-0.07370944,-0.08063336,0.07047777
0KbdgApg,-0.20321596,-0.07445365,-0.08977911599999999,-0.058194816,0.093173034
0MnuuduB,-0.10500866,-0.13803264,-0.1068254,0.1317657,0.02394621
0PcIsF9z,-0.41744223,0.16996942,-0.13061115,-0.42951164,0.25392383
0ShTFLYJ,-0.40014252,0.032927543,0.05845455,-0.62646246,0.08388001
0XZh9jka,-0.1380625,-0.109437406,-0.1297039,0.1781085,0.01845742
0Y7Wegri,-0.25984025,0.23545565,-0.13326727,-0.28771684,0.3054489
0dTqplIM,-0.10211627,-0.1102269,-0.055244632,0.02932787,-0.019703835
0lNiZicC,-0.32315743,-0.09735331,0.100879036,-0.4560927,-0.06360365
0rGeJ0QN,-0.34964305,0.29621166,-0.13556609,-0.4236842000000001,0.34108078
0sXI9ytQ,-0.4532983,0.5522224,-0.13203415,-0.72595775,0.4977178
0ukt4aP6,-0.13234007,-0.0753926,0.053642087000000005,-0.20709178,-0.14283624
1AGspb8f,-0.21800119,-0.096626,-0.0846428,-0.048189923,0.07785395
1Csy0gvE,-0.4005656,0.45974314,-0.13257447,-0.60170555,0.44149685
1Ic2hly1,-0.27731228,0.1649668,-0.13645342,-0.2498168,0.2612338
1PPbaTwt,-0.2111819,-0.10065378,-0.017272115,-0.15827635,0.020765737
1SO5VJNy,-0.4114816,0.45133662,-0.13337931,-0.6058861999999999,0.43601498
1arHxK3Y,-0.10991663,-0.11429398,-0.06943912,0.038933963,0.021433469
1fCW4Bba,-0.32688275,0.10994814,-0.11103481,-0.34570017,0.20891273
1qDZNvIm,-0.4471394,0.44021606,-0.13546489,-0.63231826,0.42826194
28LYJC2V,-0.22741316,0.02069734,-0.13587159,-0.10095239,0.16723028
2CzACvQq,-0.08037197,-0.06886196,-0.050575502,-0.010519832,-0.019799948
2FT3crfv,-0.10020192,-0.13295549,-0.0885717,0.10862532,0.018577255
2Fy2uHVg,-0.17411017,0.023909763,-0.11476461,-0.095125526,0.16451305
2MkMEApm,-0.3384697,0.3230484,-0.13413551,-0.43365964,0.35802135
2NDGWEOe,-0.13207525,-0.022717416,0.116390176,-0.36490086,-0.21860969
2NyyCiqn,-0.41162917,0.42606866,-0.13422728,-0.5862758000000001,0.42030984
2QRzIb84,-0.11299498,-0.037952423,-0.08948812,-0.03635727,0.09147394
2QcbdrUZ,-0.41496336,0.28402734,-0.132184,-0.49956796,0.32799932
2YgAimWK,-0.30067083,0.21639897,-0.12994885,-0.3310232,0.28925559999999995
2cx85d9H,-0.20792285,-0.12571375,-0.07155864,-0.026765034,0.05512794
2homMXMV,-0.42373034,0.31069607,-0.13864854,-0.5079924,0.34833062
2ldLrUtq,-0.18008782,-0.13767344,-0.008323595,-0.09647098,-0.02214741
2nsACW6G,-0.1043414,-0.13784148,-0.10371882,0.12805802,0.023009054
2yMbVnWc,-0.23568183,0.05232954,-0.124319226,-0.10327482,0.19000544
36r8sgGQ,-0.42397192,0.42080045,-0.12243187,-0.63250315,0.40955335
3NXAXCl3,-0.11019838,-0.13409038,-0.11041768,0.13938157,0.023419093
3QG0z6fl,-0.27889612,-0.037313893,-0.041588575,-0.2540933,0.091319814
3WS8R9qm,-0.14751405,-0.08487879,-0.09602576,0.14325362,0.01881053
3fRLm8f5,-0.3720845999999999,0.22165449,-0.13057062,-0.41350326,0.2893232
3mZhp1nQ,-0.33657017,0.26351076,-0.1360253,-0.38523874,0.3210692
3pikJXRL,-0.09964647,-0.13155536,-0.08636467,0.10442083,0.01716768
3pxOEGHL,-0.40569034,0.3649301,-0.11855657,-0.5855670000000001,0.37248862
3ttdV3f5,-0.25420713,0.16939779,-0.13519436,-0.23052016,0.26453322
3v4X6Mfe,-0.14237216,-0.06626864,0.029148974,-0.20880619,-0.06710849
3wORuPiv,-0.11057246,-0.13380623,-0.11067662,0.13993053,0.0233811
43EfrxZj,-0.15000603,-0.14599220000000002,-0.04873874,0.0077659637,0.0067968816000000005
457Vwm21,-0.21879737,0.070539,-0.118902944,-0.17267993,0.19370678
46KNnOdx,-0.30842832,0.19079535,-0.13709100000000002,-0.3006634,0.27654848
47TwNsVC,-0.13203929999999994,-0.10873594,-0.11016895,0.15273347,0.019011516000000003
49856RpO,-0.2374673,-0.12122231,0.004687369,-0.1902155,-0.003096141
4Ane1o2N,-0.35535744,0.20852636,-0.10228038,-0.47162566,0.2655798
4AyVUgSc,-0.3385782,-0.026603378,0.026910909,-0.44166413,0.06426212
4B1951On,-0.15261789999999995,-0.1150144,0.021814786,-0.13765466,-0.08402798
4OL39Teo,-0.19152129,-0.091567434,-0.08225842,-0.041217133,0.0799211
4eQ90eLY,-0.10140569,-0.11636335,-0.06419823,0.050933003,-0.009095468
4o5jwMj8,-0.3258566,0.09857191,-0.07955060000000001,-0.39875564,0.18685025
4vPgpl2c,-0.34160882,0.0150144845,-0.052365683,-0.34826776,0.12586701
51r9aA0d,-0.29827797,-0.084781975,0.038885213,-0.34859714,0.0030850098
58SmeRoP,-0.1809065,-0.11974986,-0.09107297,0.021477222,0.06790523
5HJp1AXn,-0.19752255,0.01970543,-0.13630623,-0.06265594,0.17073393
5MBZW7fx,-0.1374118,-0.07304251,0.067711286,-0.23621652,-0.15842837
5Nq3gHaP,-0.16948870000000002,-0.117405325,-0.062324263,-0.024960116,0.04560383
5RmwFFK3,-0.11563262,-0.11063413,-0.025769964,-0.028161332,-0.051581576
5Tu5Jbov,-0.15271795,-0.0072673187,-0.133419,0.0049140304,0.15537535
5YEolkev,-0.20062393,-0.13194296,0.013614423999999998,-0.15836170000000002,-0.035356365
5a8sf6QV,-0.21202525,-0.101241685,-0.043825313,-0.11436671,0.05150063
5eSvmqYm,-0.2181967,0.044483528,-0.102305755,-0.20470792,0.16755116
5hkN8fiv,-0.28286806,-0.05134926,-0.080009565,-0.16389358,0.10112508
5oK8Gti5,-0.32378966,0.14951025,-0.1200829,-0.34163156,0.2395871
5paniGaU,-0.51573634,0.651725,-0.1317271,-0.86526215,0.55807376
5vsr7ZUP,-0.26953197,-0.11525181,-0.027969547,-0.16771853,0.040205978
60B4xMWI,-0.16575003,-0.031002373,-0.09620275,-0.07888991,0.12157941
64jOUtKy,-0.1352607,-0.08923513,-0.12306282,0.07458242,0.08793327
6AJo4xNG,-0.24655734,0.10493414,-0.13697138,-0.17258328,0.22465593
6CAvhEte,-0.25386834,-0.027316324,-0.074991845,-0.18605247,0.11291981
6CuGYjT5,-0.10200468,-0.1111906,-0.056650758,0.03272088,-0.018037826
6DGH8ujZ,-0.3280002,0.03473091,-0.10199627,-0.27020994,0.16052483
6PzsGdVm,-0.33641595,0.1022608,-0.1260438,-0.30563548,0.21209171
6UcSJMbq,-0.12642886,-0.123427674,-0.07075007,0.034756258,0.03293942
6WJbkH8U,-0.10496624,-0.08561535,-0.019334324,-0.057324067,-0.06225095
6eUWsVzw,-0.18438946,-0.13671437,0.022765525,-0.15288198,-0.055617943
6gNyO7Do,-0.19812177,-0.0709515,-0.10417285,-0.031741723,0.10195929
6jT0AyHe,-0.10407089999999998,-0.093347296,-0.030615889,-0.030101538,-0.048884355
6nBgCvWu,-0.42162916,0.4285435,-0.134626,-0.5980618000000001,0.4216114
6ro5mqg6,-0.3807708,0.41744238,-0.13302968,-0.5491326999999999,0.41567868
6sGqObX4,-0.09420392,-0.11880096,-0.094344646,0.10625793,0.01642187
6uEGy0n4,-0.11247162,-0.020801231,0.075235,-0.28552076,-0.17429817
7BZ4LxP8,-0.10490087,-0.08617996,-0.02015812,-0.05533625,-0.06127491
7CmigXKi,-0.18950596,-0.13485949,-0.01867596,-0.091379195,-0.004548073
7Ga0LpfR,-0.12946385,-0.1001095,-0.12829287,0.09596441,0.07622034
7PQsFvsG,-0.32721898,0.00078091025,-0.10576074,-0.21622312,0.14273071
7aF7nnwn,-0.37773404,0.19407524,-0.024187505,-0.6712985,0.21551204
7asGzfX9,-0.21470492,-0.06682926,-0.08789196,-0.08020085,0.09656951
7cg7C92o,-0.17902958,-0.118368246,-0.05801621,-0.039164364,0.044437822
7eOxTpsB,-0.41393152,0.36650783,-0.10606732,-0.6339232,0.3659294
7ey0v7ma,-0.11223039999999998,-0.1325468,-0.11182423,0.14236355,0.023212701
7gocyrYl,-0.21483019,0.024964005,-0.13638595,-0.086354285,0.17252019
7gqR3GoA,-0.33674073,0.14375664,-0.10964446,-0.38409254,0.22926521
7og7aUXB,-0.17084734,-0.13930206,-0.057526395,-0.0049114227,0.029674742
7onRfa8F,-0.26486844,0.25143683,-0.1329774,-0.30516508,0.31526086
7umkNuxM,-0.26915544,-0.018373892,-0.0734708,-0.21179357,0.11720836
7vPr9ExD,-0.21353188,-0.029980116,-0.08290639,-0.13911992,0.11548357
7zNjpCzu,-0.13268584,-0.07241437,-0.07131038599999999,-0.037757546,0.062031157
7ztsQNj3,-0.20681769,0.097233266,-0.13039237,-0.14237827,0.21799192
86gppwMI,-0.40435162,0.2667938,-0.088510424,-0.39081785,0.31340805
88thAGdL,-0.25224823,0.17339875,-0.13496697,-0.23171866,0.26706576
8GhU8STP,-0.103715345,-0.096417814,-0.035096027,-0.019290924,-0.04357624
8NlzDcWe,-0.35111016,0.009524658,0.020948984,-0.48835972,0.08839315
8QAejdLW,-0.19001079,-0.11060233,-0.08053358,-0.017574862,0.068165146
8RDeFxWM,-0.42933437,0.4797241,-0.13329363,-0.6456679,0.45323324
8UXP2NBS,-0.24978349,-0.10761569,-0.037063785,-0.1468372,0.04899882
8ZoV3KGT,-0.1992317,-0.096442,-0.04255698,-0.11163202,0.046694666
8ajs2uG8,-0.1671204,-0.13299131,0.009360738,-0.11645964,-0.053307965
8bXnz62p,-0.15300542,-0.07449262599999999,-0.05237388,-0.08409839999999999,0.048266105
8nO1O1LG,-0.10136677,-0.11669932,-0.06468846,0.052115925,-0.008514643
8xE1p8g8,-0.10131803,-0.117120236,-0.06530262,0.053597882,-0.007786974300000002
8yMDVMRM,-0.26453543,-0.113311924,-0.005621276999999999,-0.20746818,0.02495084
98R5VaPi,-0.14513525,0.06311047,-0.11633277,-0.09209868,0.19124731
9DcTz2Ua,-0.10180725,-0.11289557,-0.059138454000000014,0.038723707,-0.015090369
9G7nfUrK,-0.23545873,0.12876894,-0.1356443,-0.18028533,0.23972929
9O6GZ1HT,-0.10535385,-0.08226822,-0.014450572,-0.069108605,-0.068037294
9S7fCoAM,-0.4138024,0.30667913,-0.13830456,-0.4950718,0.34606913
9iQwmFJR,-0.17804821,-0.13833019,-0.0008832738,-0.10609847,-0.03198318
A3Mt6SAQ,-0.1882439,-0.016563259,0.07217470599999999,-0.39793107,-0.050550126
AJIsQIcV,-0.25615954,-0.059542738,-0.04394816,-0.2034694,0.07984294
AMHKXMh8,-0.11234523,-0.021892652,0.07364256,-0.28167817,-0.17241141
ASwA2J4E,-0.40721387,0.44233835,-0.13347343,-0.5946468,0.43052423
AaFvEoHq,-0.33349004,0.124026105,-0.06840397,-0.4601439000000001,0.19623584
AiIPD6hX,-0.12969136,-0.14343297,-0.05657052200000001,0.039092436,0.0009170696
AsIURvJS,-0.10201145,-0.12861711,-0.07961744,0.08898842,0.008126799
AsvgbJ0C,-0.34456772,0.113078,-0.12915544,-0.31276393,0.22038338
AxEhbkCM,-0.26282728,-0.09889425,-0.035608962,-0.17058793,0.05321347
B7VPkIpx,-0.16536036,-0.10724605,0.051531054000000014,-0.20619795,-0.11238588
BBwHqHiH,-0.14068931,-0.14852335,-0.06622979,0.048206262,0.021525629
BMyps8hr,-0.10512513,-0.08424325,-0.017332293000000002,-0.06215498,-0.064622976
BUHS4dQw,-0.12531239,-0.09265927,-0.12014932,0.079473555,0.09014455
BZB3EYWQ,-0.38567784,0.40129244,-0.13380316,-0.54133976,0.40552706
C5UPCZcL,-0.124119356,-0.123515576,-0.120053686,0.15981056,0.02200514
C5gIfQbJ,-0.13454974,-0.11506716,-0.12727335,0.1747912,0.02062466
CDRuu4Pn,-0.35512957,0.41086352,-0.12332399,-0.5451441999999999,0.40722236
CQhTYkqE,-0.15240075,-0.14348969,-0.027597338,-0.031640694,-0.016968451000000002
CSEobMXv,-0.1486306,-0.07298909,-0.12151303,0.044991896,0.101265654
CYMQE4x0,-0.14156827,-0.021697745,-0.0125636235,-0.21015570000000006,0.023694921
ChQdtl4J,-0.3223776,0.1662579,-0.13857861,-0.29522020000000004,0.2609711
ChnD1nrN,-0.31409916,-0.099863835,0.089321695,-0.42570922,-0.05559779
CvtbbIcq,-0.14096107,-0.11104874,0.013735138,-0.11590889,-0.08409392
Cxk06b77,-0.14937899999999998,-0.12623312,-0.0016893744,-0.086036235,-0.05510576
D3QD3ZEJ,-0.30518675,0.16895126,-0.10201767,-0.3887252,0.24265063
D8J5C6lA,-0.10507129,-0.08470829,-0.018010825,-0.06051767,-0.06381904
DCeQwYfT,-0.23726882,-0.047284074,-0.062026076,-0.17224267,0.095531695
DDEftkx3,-0.511332,0.6372159000000001,-0.13199797,-0.84957933,0.5491618
DEwCfeDW,-0.1573952,-0.09641737,-0.062368374,-0.042234242000000005,0.050761286
DMkIV4oL,-0.44239053,0.41722548,-0.12760082,-0.63519716,0.4092797
DnzGfbxS,-0.10382494,-0.09547135,-0.033715032,-0.022623256,-0.045212455
DoZxo6f6,-0.34288839,0.13769485,-0.10785203,-0.392369,0.2240425
DvhBPGIk,-0.27740390000000004,-0.037195638,-0.049881287,-0.23727235,0.0952731
Dx7GoUcT,-0.43905434,0.4358135,-0.13522246,-0.6209115,0.42571723
E5hIjohO,-0.100840956,-0.12124014,-0.07131389,0.06810315,-0.0006647259
E6x4XGHt,-0.27594894,0.029255986,-0.09124389,-0.24717996,0.15287478
EDEpAzh1,-0.10402942,-0.093705535,-0.031138577,-0.028840274,-0.04826507
ETGudkQt,-0.24337131,0.04807277,-0.10569125,-0.22232655,0.17078465
EUleKrLJ,-0.084102,-0.09428351,-0.07182661,0.05182451,-0.0014188513
Ehw2Jz6s,-0.24765818,-0.06933581,-0.016732893999999998,-0.23288253,0.052282654000000005
EjqzC4zH,-0.1784499,-0.10862894,0.06590126,-0.24197343,-0.11952343
EkMZO3Qj,-0.29080257,0.18262483,-0.13651489,-0.27691203,0.27188778
EnoNXWvU,-0.10855782,-0.112816736,-0.043062992,0.0073035359999999985,-0.031872362
Epv8ANwr,-0.29132152,0.09175371,-0.104343295,-0.31342104,0.19524992
Etro9j0B,-0.11064557,-0.10303919,-0.0276938,-0.02941589,-0.050618924
F3MIZj76,-0.26061028,0.07908566,-0.13779622,-0.16837937,0.20785427
FB8tU00K,-0.25406367,0.045662507000000005,-0.13718772,-0.14292926,0.18371847
FLhxBGMK,-0.103202485,-0.13653122,-0.09468831,0.11788345,0.019992895
FRreR8ka,-0.28759557,0.14251025,-0.13769542,-0.24238920000000005,0.24703616
FXne4oAV,-0.1506885,-0.11489526,0.01955042,-0.13206795,-0.08277688
FaW764jk,-0.16108233,-0.13036636,-0.012446806,-0.082719624,-0.022263564
FeAbMXly,-0.44900277,0.3995989,-0.13445142,-0.6098578,0.40157327
FeudaFXn,-0.11105678,-0.033019327,0.057407744,-0.24250343,-0.15317613
FldUmFeM,-0.09312639,-0.06855130000000001,-0.0708179,-0.0051117390000000006,0.0377582
Fnv5tfAm,-0.10619683,0.011595935,-0.14189152,0.04965684,0.16177937
FvrAd3Or,-0.17563479,-0.036205247,-0.102216944,-0.06713067,0.12128964
G48zHffi,-0.1567249,0.029227361,-0.1052375,-0.115867525,0.16260368
G76zCv5N,-0.31862056,0.15941404,-0.11203772,-0.366977,0.24158996
G7JGUdNf,-0.15763973,-0.13451326,-0.005401909399999999,-0.08121255,-0.042210557
GCo6MONx,-0.10002272,-0.12830619999999998,-0.081623875,0.092981234,0.011550706
GE0vbpVQ,-0.20443568,-0.06962925,-0.024212904,-0.18221694,0.041331735
GN0DfOqt,-0.23762247,0.12915693,-0.13573551,-0.18272015,0.23991925
GNsTAb1v,-0.10795,-0.05984851,0.018261693,-0.14804360000000005,-0.10679529
GPwmO21z,-0.2877851,-0.0027260482,-0.06761534,-0.2573214,0.123303555
GQYpfLoh,-0.10947487,-0.13214901,-0.065289974,0.06351555,-0.0055805594
GR9knT8n,-0.32831475,0.0037255436,-0.097724885,-0.23644271,0.14066579999999998
GXtFFbZy,-0.22762957,0.04611039,-0.13766587,-0.10949239,0.18789616
GYvzvvFD,-0.29992312,0.08086467,-0.10368829,-0.16021273,0.20257887
GemPjTJ9,-0.25683087,0.03430271,-0.12958421,-0.13221386,0.17360002
GkLYRm1K,-0.11310011,-0.0153737515,0.08315415,-0.30462977,-0.18368092
GmlqP8eI,-0.23795483,-0.088504046,-0.07528819,-0.09112418,0.07796710000000001
GqkIrOvf,-0.11748661,-0.0671783,-0.14318046,0.08695614,0.10461347
H0fsegPi,-0.38577223,0.2721544,-0.13810487,-0.4404659000000001,0.32527766
H4dHpJjU,-0.10302958,-0.102339976,-0.043736935,0.0015596896,-0.033338337999999995
H5QwJCuU,-0.11412956,-0.07154175,0.017901473,-0.13960195,-0.10467761
H5uwmSZ0,-0.31334534,0.22607373,-0.12412426,-0.31795174,0.29643148
H8MtbVoL,-0.19975881,-0.016984463,-0.08579324,-0.14166495,0.12445593
H9JrUYnp,-0.30087003,0.20835413,-0.13614310000000002,-0.30694607,0.28763822
HHYmmHVk,-0.40685067,0.5133414000000001,-0.1310933,-0.6498029000000001,0.47465456
HJ5U4uqL,-0.313456,0.014029637,-0.1013826,-0.2330865,0.14845821
HNQxYc4w,-0.35116425,0.074168175,-0.057725146,-0.42512646,0.16235125
HQYhKHZ8,-0.24176222,-0.022492833,-0.11534043,-0.10661641,0.1346507
HSCMx0MC,-0.41288084,0.46787494,-0.1328963,-0.62019515,0.4462589
HXYuE0fx,-0.10442812,-0.09026247,-0.026114866,-0.040962547,-0.05421725
HdKcxEWr,-0.18663849,-0.08181395,-0.06586079,-0.08157083400000001,0.07528119
HecW1iCC,-0.102468625,-0.10718413,-0.050804973,0.018614933,-0.024964027000000003
HpbKB8rv,-0.11953314,-0.12699942,-0.116879135,0.15308028,0.022470962
HrkoYjCg,-0.15252173,-0.043951407000000005,-0.13028885,0.016729668,0.12587535
I5P2uquT,-0.14859456,-0.11154673,0.02264776,-0.13791338,-0.08898098
I94qkDM7,-0.45185512,0.17760403,-0.0785712,-0.34876218,0.25443378
I9sQbtt8,-0.12620455,-0.10792578,-0.1309388,0.113193944,0.06590489
IFxgw6ZX,-0.19094448,-0.106615156,-0.09180488,-0.001982659,0.07571311
IPPPSyoU,-0.21355002,-0.023669817000000003,-0.12392509,-0.06756817,0.13655707
IQOYQubU,-0.10208915,-0.1104611,-0.05558635,0.03015244,-0.019298963
IYNE2SxU,-0.13353781,-0.11454114,-0.075123765,0.023908243,0.045650013
IZRFk9kN,-0.20414133,-0.035547063,-0.101207875,-0.08981916,0.12091189
Iaq3v0t3,-0.16222069,-0.03489045,0.06744323,-0.33687893,-0.07665961
IbVwu1t6,-0.3290349,0.027478144,-0.09148777,-0.28126204,0.15143177
IcHKTLyo,-0.2060564,-0.032440715,-0.11848976,-0.062156335,0.13074769
IpW80wVB,-0.34285495,0.09242377,-0.078706466,-0.40384898,0.18274374
Itb0PYUV,-0.102627225,-0.10581449,-0.048806556,0.013792738,-0.02733177
J8fpSwS0,-0.3623518,0.24411388,-0.094215766,-0.5282744,0.2833983
JE1SlbD0,-0.10439396,-0.0905574,-0.026545174,-0.039924204,-0.053707413
JEB4McNb,-0.10695612,-0.102386,-0.03508755,-0.015359223,-0.04270377
JEE4QVeQ,-0.28528267,-0.117244795,-0.051847912,-0.13014284,0.050140385
JJSEU2VQ,-0.43810797,0.48478663,-0.13354729,-0.6582689,0.45617178
JSsVriP2,-0.19454177,-0.14875431,-0.031151757,-0.050834507,-0.0098382905
JUvQNiOK,-0.18441555,-0.011082768,-0.07520112400000001,-0.15840524,0.12060139
JZbrRtm2,-0.12998694,-0.12343421,-0.026410371,-0.030081779,-0.037140667
JcE9G92B,-0.11513462,-0.09883373,-0.14210118,0.118280984,0.07514336
JnNYpXHr,-0.18968645,-0.12932860000000002,-0.06899288,-0.01404956,0.051994048
JzpbnOtz,-0.3765159,0.22875975,-0.10654017,-0.49638924,0.27989364
JzzUhPQp,-0.11223453,-0.022848845,0.07224736,-0.27831152,-0.17075839999999998
K05R8dQK,-0.20359777,0.00902538,-0.13544801,-0.06690059599999999,0.16115955
K17pG2mG,-0.3033068,0.18651272,-0.08464051,-0.4213795999999999,0.24692664
K8BellUe,-0.10767175,-0.06225146400000001,0.014755584,-0.13958332,-0.10264119
KJ2eH6rr,-0.10762187,-0.06268218,0.014127128,-0.13806686,-0.10189661
KJEJ6Glk,-0.106410034,-0.07314724,-0.0011422634,-0.10122165,-0.083805166
KSbO0oXS,-0.11263591,-0.13223876,-0.11210492,0.14295864,0.023171514
KXtvmd01,-0.37528154,0.34564090000000003,-0.12973411,-0.5040622,0.36808807
KYiJqBuJ,-0.19471642,-0.13380736,0.031018414,-0.17944753,-0.05903966
KmbAyTcE,-0.15255120000000005,-0.11902426,-0.096372,0.050424427,0.07108079
KnNyl3rV,-0.26223695,0.16423900000000002,-0.086009145,-0.385582,0.23266813
Kp2DG8TZ,-0.26893505,-0.07808304,0.014118068,-0.29086292,0.021844182
KqQtKWs5,-0.39248464,0.13876586,-0.01203189,-0.6296648,0.17782697
Ku27g63R,-0.107384056,-0.06473596400000001,0.011130489,-0.13083595,-0.09834614
L2aTVqDq,-0.26427326,-0.05311908,-0.0966475,-0.11654866,0.10805693
L5jvq6G4,-0.36564407,0.17027111,-0.046400987000000005,-0.5877764,0.21228662
L91hYVQl,-0.3236343,-0.048458397,0.07190298,-0.47377077,-0.005374685
LINAMlbA,-0.32060936,0.13611393,-0.10409616,-0.22536194,0.23662221
LJoUNXSx,-0.35281003,0.013168901,-0.09645575,-0.2687941,0.14526814
LLtSiyWD,-0.33697954,0.07636747,-0.05255282,-0.42818484,0.16134669
LQJtV8kn,-0.10448199,-0.11726484,-0.05846234,0.04028932,-0.015177548
LW9uddw7,-0.1380625,-0.109437406,-0.1297039,0.1781085,0.01845742
LZ6sdBTR,-0.10896049,-0.051122293,0.030994006,-0.17876679,-0.12188073
La2Vhnne,-0.15540077,0.004318431,-0.13592903,-0.0041389465,0.16427812
LaUWSq9B,-0.10749375,-0.06378863,0.012512721,-0.1341713,-0.099983834
Lk4SfkPQ,-0.1115271,-0.13308103,-0.111337416,0.14133148,0.023284137000000003
LllC836d,-0.35398385,0.23321296,-0.11980223,-0.43362197,0.29148895
LuGiGeWN,-0.3280114,0.15644751,-0.092575595,-0.23445728,0.24729231
LzcyHcWa,-0.4669954000000001,0.539409,-0.13311952,-0.7294326999999999,0.48943183
M7veP0H4,-0.3445477,0.24273829,-0.13710028,-0.37685642,0.30797252
MB8aaJUc,-0.3827453,0.15368436,-0.120883875,-0.40873674,0.23970217
MDpe2zuy,-0.17639178,-0.017290562,-0.090409845,-0.116099566,0.12666856
MEzdmEIU,-0.33699214,0.21349175,-0.10682148,-0.44042674,0.2722986
MVnhtivm,-0.28795204,0.053217232,-0.07885302,-0.31197158,0.16077581
MYU7WDis,-0.24980487,-0.11819408,0.06338706,-0.30204538,-0.063784726
MZFqh6yw,-0.07584329,-0.031342566,-0.10306981,0.009867399999999998,0.09376498
Mdgy4SsO,-0.10214625,-0.10996802,-0.054866903,0.028416425,-0.020151377
Mj8awnzy,-0.32051396,0.23741405,-0.100475654,-0.45735565,0.2848309
MpFPbUJy,-0.10199875,-0.11124186,-0.056725554,0.032901347000000004,-0.017949216
Mqk7MFBM,-0.29003334,0.15801002,-0.103268996,-0.36033055,0.23713484
Mqs2t1Eo,-0.10075129,-0.12201452,-0.07244378,0.07082959,0.0006739944
Mv3jFVxp,-0.28899193,0.16370864,-0.10231923,-0.36591825,0.24029428
MxODTXvA,-0.11418175,-0.097302735,-0.14319706,0.11836015,0.07642614
N46PbpPM,-0.51374465,0.62524295,-0.09879441,-0.80016375,0.5362747
N5S5F9Gk,-0.4425511,0.18622132,-0.06879239,-0.33495244,0.25856265
NLDg5fqw,-0.3139627,-0.006947443,-0.09575362,-0.14465535,0.12969032
NOho2ZiM,-0.1036455,-0.09702087,-0.035975933,-0.017167687,-0.042533696
NUuY7PFU,-0.101937756,-0.11176853,-0.057493996,0.034755617,-0.017038755
NV1e8AEO,-0.4261085,0.44589907,-0.13426396,-0.6160439,0.4322904
NZLXROKC,-0.20992455,-0.08957526,-0.06522003,-0.08950111,0.07293239
NaJo7C6o,-0.23175052,-0.09656105,0.026850648,-0.2546637,-0.018859893
NgsyGkrO,-0.10395806,-0.09432178,-0.032037728,-0.026670605,-0.047199756
NjOx4Zpo,-0.14122078,-0.08981505,-0.11583508,0.06123747,0.09018054
NmQoI7x0,-0.07903693,-0.020793237,-0.0064042434,-0.13924256,-0.05987344
No4wkdLS,-0.3545467,-0.06268879,0.057922445,-0.45883808,0.01751526
NouMwhOf,-0.10446054,-0.089982525,-0.02570638,-0.04194823,-0.054701217
O6YAWd8C,-0.13277376,-0.14776564,-0.060100634000000014,0.045490496,0.008648559
OAXVphSh,-0.15640685,-0.075239874,0.033515714,-0.22174263,-0.06081284
OJBBhb6Q,-0.4150874,0.36567914,-0.06471343,-0.76035404,0.34167126
OSIQXImL,-0.10393515,-0.0945196,-0.032326363,-0.025974125,-0.046857767
OUUFc5Zz,-0.37566894,0.297207,-0.13024727,-0.4699710999999999,0.33734244
OVk1lquT,-0.13925147,-0.13338819,-0.04453133,-0.006538853000000001,0.0034364387
OXdRxjzz,-0.27063364,-0.07123545,-0.065386005,-0.15642193,0.08296645
OXxW2ekf,-0.30684146,0.033290207,-0.12653428,-0.20495257,0.16953221
OXz5OpqR,-0.13504112,-0.11182343,0.0046299174,-0.094319046,-0.077208735
OcBFW1AX,-0.35522413,0.12981968,-0.09871802,-0.24541277,0.23073351
Of9V2rpt,-0.23540209,0.019133642,-0.103201605,-0.18217704,0.15303066
OfLxPhbG,-0.22918174,-0.123357326,-0.023606397,-0.13336125,0.024765186
Ojx2vi48,-0.36150846,0.058644265,0.0072951466,-0.5362034000000001,0.12295921
P3M32iuT,-0.41767064,0.11436163,0.011543058,-0.6593137,0.1525124
P7olVzrO,-0.30233622,0.061365873,-0.10890654,-0.27530175,0.1793519
PAPHErnv,-0.25990707,0.049825847,-0.1373836,-0.15170693,0.18626635
PBjEtfXb,-0.36516783,0.2643383,-0.114320934,-0.4841215999999999,0.30771384
PZGpoBBj,-0.11281786,-0.017811208999999998,0.07959772,-0.29604802,-0.17946717
Pc2RrxXS,-0.15319183,-0.14012513,-0.020779043,-0.046558276,-0.025499389
PcHQ4FOu,-0.25793675,0.15313531,-0.13173245,-0.22713235,0.25262323
PeNyTOVN,-0.2409424,0.05200526,-0.13133171,-0.14734209,0.18781713
PhUPSU53,-0.09976603,-0.13243593,-0.08770017,0.1072973,0.018377893
PmUNeV2O,-0.414736,-0.012414925,0.041231208,-0.5418035,0.06564962
PoDJ0uvK,-0.106343195,-0.07372448,-0.0019845068,-0.09918934,-0.082807265
PsUJdJdg,-0.1796934,-0.07105687,-0.11205371,-0.0028378218,0.10474001
Q3xLFx1f,-0.17511629999999995,-0.13905317,-0.01446569,-0.080125004,-0.017986402
QBGxCvdM,-0.21032111,-0.12896813,-0.005554519599999999,-0.13916379,-0.0073735565
QCEPyu6L,-0.20711608,-0.05301649,-0.115059175,-0.038068056,0.11278051
QEfwec4s,-0.047665574,-0.03685087,-0.07447003,0.020202741,-0.0012408718
QZ87Nnr3,-0.3663516,0.24911232,-0.13793725,-0.40331903,0.3114181
QlyGN9jv,-0.33845603,0.33715487,-0.1336655,-0.44467518,0.36678752
QqgWE1ny,-0.17650529999999998,0.021979079,-0.120877296,-0.08577746,0.16590053
QrjjBpZd,-0.13837159,-0.08240175,-0.121981695,0.064119145,0.09421656
QsaBiX7V,-0.18303192,0.026514396000000003,-0.111292474,-0.12537968,0.16298553
QtBKJuZk,-0.22755459,-0.101083994,-0.021432161,-0.16519406,0.032714687
QtPRO8OJ,-0.3693337,0.10807504,-0.07564331,-0.44947973,0.19006532
R8XcsFnp,-0.38312644,0.33177328,-0.13599367,-0.48447266,0.3623877
RROfRt9z,-0.104213975,-0.09211187,-0.028813265,-0.034451276,-0.051020138
RTcbiDGq,-0.29427752,-0.0700662,-0.041411787,-0.22056967,0.072214164
RVidM9g0,-0.22021063,0.047800973,-0.084224634,-0.15365434,0.16983389999999998
RZnQSH19,-0.46245226,0.53525925,-0.13303903,-0.7217127,0.4869605
Rc4UK7fT,-0.24592066,0.11210737,-0.12807004,-0.16670185,0.22774857
RcKBKh6B,-0.2863168,0.25972873,-0.13373336,-0.33277696,0.31990662
ReM5kDa5,-0.19435449,-0.048030816,-0.085127026,-0.0969283,0.1063132
RfntsotG,-0.40674606,0.4360717000000001,-0.13300727,-0.59126854,0.4262679
RiXMlzXD,-0.23947051,-0.12069389,0.01018142,-0.20175302,-0.008271679
Rik83O3m,-0.23695332,0.028978169,-0.10576648,-0.19172466,0.15988362
S3PCzDzO,-0.14313346,-0.07654451,0.076053046,-0.2503329,-0.16686642
S77BviOJ,-0.27953783,0.19342701,-0.13561347,-0.27426085,0.27886656
SDdvtktF,-0.13967761,-0.11624281,0.0031298175,-0.09268564,-0.07087497
SHs1AyfM,-0.23135486,0.009438321,-0.08984775,-0.19183576,0.14125352
SO4zQy9k,-0.39845183,0.38396704,-0.13471118,-0.54123783,0.39429703
SOOBCoiG,-0.43611783,0.6043818,-0.11947405,-0.7372328,0.52893776
SXkkPB7A,-0.41378027,0.40425664,-0.13505653,-0.57134116,0.4067049
Sa93dGqq,-0.30554563,0.17748784,-0.1142908,-0.2583444,0.2646538
SonIG72a,-0.36403742,0.37752765,-0.13355279999999994,-0.501441,0.39127085
Suf6hIBc,-0.4326119000000001,0.47709948,-0.13353866,-0.6468444999999999,0.45152485
Sx2JeSRz,-0.24507917,0.03405407,-0.11991456,-0.17450279,0.16957422
T1Tlftr4,-0.33778274,0.2071497,-0.097321406,-0.46587762,0.2627592
T7ulR4ci,-0.31973934,0.27248293,-0.11506747,-0.43600246,0.31568176
TA1NB3Br,-0.40175083,0.4008562,-0.13459094,-0.5568321999999999,0.4048761
TFZUskaK,-0.102816835,-0.10417709,-0.046417452000000005,0.008027807,-0.030162424
TNL8HGWZ,-0.23037924,-0.07287018,-0.057994745999999986,-0.1403723,0.07897906
TZ8z1GSF,-0.2842585,-0.019889548,-0.021140255,-0.32087508,0.091789074
TqhRvkJJ,-0.12551276,-0.08502505,0.025242068,-0.14740604,-0.10658518
TtJCUiY4,-0.40999767,0.3479815,-0.13674715,-0.52361596,0.37182456
TwDq0lua,-0.24373837,-0.11184217,-0.032228,-0.14617178,0.04436771
Tzyf02sI,-0.31815496,0.41780466,-0.13000509,-0.48773286,0.41738358
U3yI6ZS5,-0.10177005,-0.11321682,-0.05960717,0.03985472,-0.014535032
UBLnXZAN,-0.16427195,-0.06007319,-0.12310477,0.01932016,0.10963542
UBWDzleg,-0.24462247,-0.011615835,-0.12125591,-0.1119163,0.14348693
UBqkX6SY,-0.11181735,-0.026451364,0.066990964,-0.26562783,-0.16453052
UCIAi1Aj,-0.19357818,-0.13346349,-0.042842485,-0.056887537,0.025880672
UPbXGvCS,-0.15454671,-0.13441785,-0.009196766,-0.07190305,-0.03998053
UeWm1l9F,-0.3318731,0.037555143,-0.1128874,-0.25581285,0.16719592
UhucscY7,-0.104613006,-0.08866588,-0.0237853,-0.04658383,-0.05697736
Uri1SvHV,-0.162994,-0.14221731,-0.051411435,-0.004240811,0.017619591
UzxipGJS,-0.363558,0.25460714,-0.12695749,-0.43726966,0.30879617
V74zfaAQ,-0.17906599,-0.1354358,-0.07153499,0.0065458566,0.049768582
VBPxBLTh,-0.101198435,-0.1181531,-0.06680964,0.057234354,-0.0060014280000000005
VLG7CXYS,-0.34591383,0.25922692,-0.1350083,-0.39598432,0.31726545
VNk52SpF,-0.14064507,-0.10550445,-0.12286412,0.17260219,0.0195706
VOREKsok,-0.5418772,0.7054253,-0.13119784,-0.93299925,0.59082574
VRhTr5pX,-0.31392270000000005,0.15925471,-0.08844141,-0.43327025,0.22822332
VTcG4Kcw,-0.32696970000000003,0.21313588,-0.10895954,-0.4223477,0.27380717
VeKiWSbS,-0.40394908,0.3812322,-0.13534968,-0.5436546999999999,0.3926297
VnU8nJHU,-0.23806863,0.14955033,-0.13148089999999998,-0.21003804,0.25052238
VueNCxYv,-0.21821356,0.10657175,-0.13555324,-0.14594209,0.22634336
VxuQTRUl,-0.17004272,-0.07193905,-0.051700525,-0.10355845,0.056433793
W5lgaocA,-0.07650928,-0.03847474,-0.07560426,-0.022965446,0.052330717
W5mMq9Ef,-0.34587032,0.12763314,-0.13150279999999998,-0.3170112,0.23098207
WDhNqFpS,-0.10336411,-0.13671716,-0.095969856,0.11932737,0.020420931
WE6n1kZi,-0.36176,0.037647396,-0.11558224,-0.27150777,0.16812262
WFk6r3vA,-0.20648773,0.15883477,-0.13325003,-0.17525288,0.25909704
WFyIrsUR,-0.14576134,-0.09044365,-0.10305132,0.1510973,0.01913654
WG6ZAsqR,-0.46809122,0.49322963,-0.13470885,-0.69440675,0.46070978
WMq3CZQk,-0.13470766,-0.1327003,-0.098126605,0.0869299,0.061443936
WRskmGjh,-0.17306614,-0.0026414692,-0.09453809,-0.10785398,0.13881588
WXijSglj,-0.28543943,-0.07775766,-0.04130561,-0.20415065,0.06782218
Wc0stQgu,-0.29883873,-0.03915081,-0.080304265,-0.19105142,0.10812999
WewoSCUB,-0.40612563,0.11472058,-0.005667545,-0.61867476,0.16086720000000002
WuHuhHWJ,-0.31513566,0.32332408,-0.12416102,-0.43776444,0.3536831
Wv7EBtZb,-0.1070897,-0.067277886,0.0074216053,-0.12188637,-0.093951784
WyPlxDn0,-0.4318804,0.39243102,-0.12377789,-0.6180477,0.3917499
X3WqoSNN,-0.10350113,-0.1368748,-0.097056314,0.12055146,0.020783804
XDhyP9KB,-0.12451227,-0.05145087,-0.13151161,0.078373976,0.118443236
XQxhDRMG,-0.41304177,0.13546224,-0.0707642,-0.26833916,0.22799021
XjLNAwxW,-0.10178756,-0.11306559,-0.059386525,0.0393223,-0.014796458
XjfVQbXd,-0.16495967,-0.06801134,0.11871753,-0.3500826,-0.20422846
Xovczbf6,-0.54061913,0.6655949000000001,-0.13246271,-0.9006183000000001,0.56610453
Y8H4onBf,-0.3448844,0.11485039,-0.03680896,-0.51633227,0.17609003
Y8YgzSZ9,-0.09559942,-0.11392228,-0.13419206,0.14480719,0.025219794
YC4PNV20,-0.42240205,0.4219222,-0.13488352,-0.5936463000000001,0.41747862
YDHSCRdd,-0.06443583,-0.06131064,-0.116160795,0.08874169,0.014058139
YIJ87aME,-0.29783255,-0.021478102,-0.05553311,-0.26202533,0.106760815
YKvT4dFv,-0.3978295,0.23259188,-0.13362665,-0.4407864,0.29675987
YNebALR2,-0.31603384,0.097554654,-0.09852128,-0.1823538,0.21170828
YNrnqFyb,-0.19083224,-0.027333505,-0.12618822,-0.043704435,0.13743557
YUZ4lR3m,-0.36161873,0.22458385,-0.1385257,-0.37947908,0.29628783
YYLvjoVC,-0.11649295,-0.080934696,0.011847056000000002,-0.12152368,-0.09672964
Yb8OtMb2,-0.17149335,-0.12906277,-0.05759355400000001,-0.019006059,0.035187412
Ycg4lTYw,-0.10000201,-0.12848498,-0.08188473,0.09361067,0.011859767
Yfk6tekH,-0.13082214,-0.15134645,-0.06911583,0.06539057,0.019001205
YoSfgmR6,-0.11158223,-0.05905135,-0.14546162,0.08991014,0.112357646
YpzFvexy,-0.27718377,-0.10662548,-0.010337636,-0.21864799,0.03682135
Yxqppfa3,-0.10433094,-0.091101676,-0.02733931,-0.038007945,-0.052766502
Z16jTUvP,-0.31424192,0.0989583,-0.139942,-0.23671472,0.21844372
Z2BdCCbJ,-0.39134246,0.44516236,-0.13261589999999998,-0.5812198000000001,0.43265417
Z2JJMM6V,-0.25196406,0.006267175,-0.12597841,-0.13241196,0.15608193
Z5jE1OB5,-0.26260418,0.1139521,-0.11822983,-0.25383767,0.21888399
ZFsIqYxA,-0.25192142,0.044909015,-0.13536021,-0.1426886,0.1850162
ZHDVsoRh,-0.21673125,-0.12689696,-0.029726274,-0.10761383,0.024451874
ZSmfu2Fc,-0.2329435,0.13712953,-0.1352451,-0.18434432,0.24498409
ZU8YXF3H,-0.49639758,0.5541701,-0.13404292,-0.76993775,0.49790952
ZXKaNy6Z,-0.22699809,-0.1227283,-0.039772265,-0.105193675,0.04178498
ZbYLo0zK,-0.21512148,-0.12789804,0.029160582,-0.20215032,-0.044749588
ZedN8Gcn,-0.14580125,-0.14220095,-0.03382186,-0.015791506,-0.014759272
ZgD4Dau6,-0.20406856,-0.13090271,0.00861419,-0.15450871,-0.0275127
Zgzf79LA,-0.4079191,0.0309041,0.026383124,-0.56746745,0.09760397
ZjqzxDOF,-0.09085726,-0.092291065,-0.056683913,0.018066049,-0.013554677
ZsZ5aDpq,-0.10546124,-0.08134082,-0.013097413,-0.07237378,-0.069640525
ZtyqE7If,-0.10167757,-0.11401546,-0.060772475,0.0426666,-0.013154365
ZvUgz01f,-0.3340745,0.1499107,-0.060190734,-0.5115694000000001,0.20730922
ZwrhgdQV,-0.14673868,-0.11859634,-0.06890608,0.007457435,0.042371936
a7bhJGBU,-0.10034269,-0.12554304,-0.0775922,0.08325277,0.006773919000000001
aHpv6KzP,-0.09997702,-0.13268742,-0.08812203,0.10794012,0.018474389
aINzEBVN,-0.2705661,-0.11267047,0.11517475,-0.41317025,-0.11145265
aP9EtTGF,-0.11045448,-0.038220644,0.049818613,-0.22419074,-0.14418444
aV6EhtSL,-0.17885326,-0.060940623,-0.06067187,-0.11111686,0.07627793
aVZsXKoH,-0.111695535,-0.027503237000000003,0.065456204,-0.26192442,-0.16271207
aYVnVJvc,-0.12862918,-0.12195188,-0.10351867,0.08662537,0.07057639999999997
abCzN1zx,-0.20194694,-0.12612435,-0.060805235,-0.042689726,0.04989587
ae7sMiB4,-0.19196989,-0.1175455,-0.054337256,-0.057690054,0.04642395
afsVuCGV,-0.23352721,0.13113464,-0.13547266,-0.1802322,0.241245
aiwBQETI,-0.228321,-0.09988467,-0.03195882,-0.1500737,0.0458131
aiyli4EI,-0.10955161,-0.10401584,-0.03129328,-0.021716237000000003,-0.046574354000000005
apJ7NmzD,-0.10987846,-0.043195017,0.042560555,-0.20667699,-0.13558498
atVjNMtQ,-0.14112003,-0.10394202,-0.11978537,0.16945422,0.019823864
b5GirVGV,-0.39978686,0.30567527,-0.09810457,-0.6007123999999999,0.32313558
b9SpMjNB,-0.34454355,0.21247606,-0.13044718,-0.37647256,0.28478348
bAFs37yy,-0.4204303,0.4155485,-0.13500072,-0.5867207,0.4135646
bDia1hHV,-0.10182545,-0.11273833,-0.058909036,0.038170114,-0.015362188
bFkv5Mtr,-0.22363026,0.07666828,-0.13195248,-0.14265823,0.20485368
bHe2IXgA,-0.1380625,-0.109437406,-0.1297039,0.1781085,0.01845742
bWX3vUm5,-0.19417171,-0.038379923,-0.11416474,-0.054111093,0.12542683
bat8tcGs,-0.10633765,-0.07377235,-0.002054356,-0.09902078,-0.08272452
bfjej4wu,-0.15047514,-0.09389574,-0.109674275,0.04463137,0.08995941
bh04YDiP,-0.27643025,0.06742342,-0.09814279,-0.28619759999999994,0.17807817
c110Fdc8,-0.3375123,0.1853212,-0.1090784,-0.41497955,0.25552186
c32GUzMa,-0.435165,0.20560394,-0.07199751,-0.34812292,0.27145395
cT6uU0B0,-0.39645845,0.4236012,-0.13357950000000002,-0.5694020000000001,0.4191351
cWXCiFwh,-0.12891363,-0.13522182,-0.059175257,0.030270785,0.012802776
ceNvS3yd,-0.31915078,0.14348994,-0.13918097,-0.27424026,0.24689919
cmwdt4Av,-0.10477214,-0.08729162,-0.021780126,-0.051422313,-0.05935312
cn4EHsup,-0.32235885,0.015521944,-0.085293144,-0.2722495,0.14171967
crVOGGTT,-0.29829055,0.25639320000000004,-0.13442044,-0.34196445,0.31755096
csPEJ1E5,-0.24537891,0.12850182,-0.12252428,-0.23120233,0.2315416
d0UrRtMk,-0.41965774,0.4657178,-0.13329414,-0.62518454,0.44475836
d6LU4G4I,-0.28025508,0.10077439,-0.13873105,-0.20252675,0.2212747
d74T1DVv,-0.13023892,-0.14771214,-0.089591265,0.09477363,0.045340843
dR6rM1tQ,-0.10500026,-0.085321635,-0.018905737,-0.058358252,-0.06275874
dUNxOoqg,-0.12156354,-0.07006635,-0.1395102,0.07976699999999999,0.10310437
dUnlyhj7,-0.15537748,-0.06741938,-0.002331011,-0.17827266,-0.0048789904
dVDlnZQ6,-0.17340009,-0.12633918,-0.089765444,0.033159167,0.06357417
dVT26GDu,-0.27468294,0.211589,-0.13477555,-0.28367823,0.29026723
de43ycXY,-0.117735356,-0.11900154,-0.031169191,-0.012045443,-0.04449506
dfIn7m9z,-0.27955630000000004,-0.012511298,-0.06092408,-0.25113687,0.11462596
dhmb9ZY9,-0.10128904,-0.117370635,-0.06566797,0.05447948,-0.007354103000000002
dn8kCuyf,-0.24137577,-0.11989605,-0.017016046,-0.15955651,0.024380714
dpcquvWW,-0.32061255,0.15890388,-0.11718535,-0.35323808,0.24410746
dqcbIMyr,-0.39175138,0.12179345,-0.08351493,-0.25409397,0.2219328
drWgsBf5,-0.10417883,-0.13765445,-0.1024298,0.12660569,0.022578523
dytx0HSe,-0.50383306,0.58154225,-0.13348976,-0.7986635999999999,0.51474303
e4KkkIha,-0.113352604,-0.013193235,0.086335726,-0.31230690000000005,-0.1874505
e9YorH4m,-0.18683144,-0.075892486,-0.07296383,-0.0670674,0.07028245
eB9gVQ0R,-0.320969,0.17463146,-0.1382322,-0.3003795,0.26620778
eMhLFqU6,-0.35167065,0.08177726,-0.07887533,-0.18628207,0.19495177
eMllg1qm,-0.13620397,-0.11105388,0.007636554499999998,-0.10102892,-0.08030734
eNPunZ9i,-0.32866937,0.08341378,-0.094971284,-0.18191949,0.20068198
eS5BSM4J,-0.3951761,0.49312854,-0.13120425,-0.62249875,0.46237004
eVGMFoOI,-0.1967796,-0.010107741,-0.104953475,-0.06691751,0.14175954
eaIwb3rG,-0.35602683,0.35553688,-0.13389917,-0.47635636,0.37779495
eyzw8Vis,-0.41814247,0.37269598,-0.13631663,-0.55096257,0.3869898
f04Ke2bN,-0.3941426,0.2949255,-0.124733545,-0.5060756,0.33178028
f4GA0te1,-0.34894243,0.12754585,-0.09325002,-0.42792943,0.20970416
f7bd91h5,-0.373644,0.41212112,-0.13286388,-0.5379516,0.4125404
fB7z9ndr,-0.41351932,0.40052402,-0.123707205,-0.6029992,0.3978321
fEe7AWFA,-0.106385976,-0.073355034,-0.0014454648,-0.10049006,-0.08344594400000001
fJJIbgY9,-0.11430283,-0.0049873292,0.09830884,-0.34119812,-0.2016364
fQBURMvg,-0.42616135,0.5079309000000001,-0.13220239,-0.6645956999999999,0.47083607
fS0HpOub,-0.3947827,0.3874476,-0.13470188,-0.5394844,0.39670864
fTDXauuk,-0.11495788,-0.12804589,-0.05108325,0.03258267,-0.023421586
favPNA2N,-0.2413077,0.10991192,-0.11818293,-0.14818642,0.2249366
g3Fv0U4k,-0.14143205,-0.078254715,-0.12101269,0.056273192,0.09798725
g5PKo2E2,-0.22941306,-0.07245897,-0.014349893,-0.21665344,0.039757557
gbjnD5fe,-0.35008490000000003,0.29643798,-0.12933807,-0.4432669,0.33763862
ge9zqXCv,-0.10811721,-0.111388564,-0.04948493,0.018001512,-0.029699653
geeqJpSE,-0.4116315,0.42208785,-0.13435982,-0.58316576,0.41783613
gqy1J2RS,-0.20003197,-0.13175999,-0.025254183,-0.093874484,0.009336345
grlUtS3H,-0.22888075,-0.07614148,-0.051341042,-0.14766818,0.07400422
gx965KYj,-0.104925014,-0.085971534,-0.019853994,-0.05607009,-0.06163522
h3F08Vjm,-0.42416802,0.46815646,-0.11994385,-0.6145632,0.44401124
h6FQG8Iy,-0.37784982,0.37166983,-0.12814957,-0.52950203,0.38372
h7ftM8b3,-0.11247011,-0.0208143,0.07521593,-0.28547475,-0.17427558
hLrCHXZv,-0.15635657,-0.14233066,-0.02053342,-0.04828602,-0.022829741
hQ6VBuFx,-0.33836147,0.2067901,-0.13799886,-0.34265617,0.2857803
hYoR2y7w,-0.10622086,-0.07478094,-0.0035259873,-0.09546974,-0.08098092
hf65yZkM,-0.10619005,-0.075046994,-0.003914185,-0.094533,-0.080520965
hjuwe1x4,-0.21195813,0.08308631,-0.10860347,-0.20478696,0.19619796
hyINlsFR,-0.27586913,0.12338938,-0.13776751,-0.21588773,0.23543146
i0Qlm9Bv,-0.30927253,0.33565718,-0.12762217,-0.42900714,0.36386278
i1VxfxMb,-0.30944097,0.34099168,-0.12994522,-0.42576852,0.36860025
i2l6jXNP,-0.31575418,0.18127231,-0.13776033,-0.30043444,0.27045766
i4FgPZv7,-0.4006058,0.2689587,-0.12179011,-0.5046575,0.3131345
i7XtIkSi,-0.16638607,-0.08375999,-0.11199258,0.026817441,0.09329072
i9z346Ut,-0.34250355,0.17985271,-0.13909453,-0.3256755,0.26894334
iDOat4cZ,-0.11193536,-0.025432274,0.06847795,-0.2692159,-0.16629231
iNv6RoSO,-0.40169057,0.36291695,-0.12980789,-0.5454755,0.37784344
iSL9NYzy,-0.093514755,-0.11215769,-0.074869886,0.06929493,0.0029741004
iSqVc1r8,-0.12244256,-0.13091697,-0.044253632,0.015438333,-0.022730894
iYZMftt6,-0.10489786,-0.086205974,-0.020196073,-0.055244654,-0.061229922
ieTPaa3c,-0.33434936,0.15606742,-0.1056983,-0.40176097,0.23501354
if7BmzU0,-0.461003,0.49273783,-0.13438419,-0.6870396,0.4605717
ihNz5bmx,-0.25685635,0.122214094,-0.13689189,-0.19623926,0.23515043
ikJXKdIN,-0.4246668,0.17370476,0.02409444,-0.76908135,0.18077251
iq2kxikN,-0.23446174,-0.11260109,-0.056377184,-0.09226975,0.05531751
iuZEDJK7,-0.41851792,0.40041065,-0.13309807,-0.58003545,0.40287837
iyF8gVT7,-0.4141588,0.33152837,-0.13749483,-0.5148512,0.36150214
j06qdQ0V,-0.30041382,0.08552489999999999,-0.1090899,-0.30504096,0.19351205
j7hl8svO,-0.1009108,-0.120637,-0.070433855,0.06597962,-0.0017073974
j8hMoJUN,-0.35276756,-0.06800024,0.08246828,-0.49075243,-0.014287353
jNaFasbV,-0.23592629,-0.064400785,-0.09724663,-0.08030091,0.10212147
jVVHeYHT,-0.24271713,-0.08591768,0.012859188,-0.25534728,0.007570293
jXm4ySvK,-0.3682164,0.24019511,-0.13269073,-0.41530433,0.30260894
juO5ii5l,-0.20021671,-0.12613249,0.06356337,-0.24522299,-0.095679276
k2hdEBsU,-0.36723307,0.39753938,-0.12403414,-0.547609,0.39847603
k3ynMfhN,-0.17737342,0.040227666,-0.052341186,-0.2583386,0.11682704
k9C9yBtr,-0.18628901,-0.12163369,-0.054346695999999986,-0.047245294000000014,0.04182598
kAKRvcRo,-0.1146257,-0.14374141,-0.076388836,0.08729785,0.013595462
kBi3R2oC,-0.18491557,-0.13589752,-0.050252922,-0.03380379,0.029316083
kDWmnsXe,-0.34162209999999993,0.14057611,-0.10648333,-0.3970575,0.22516933
kSGBd2Vh,-0.42738566,0.4264093,-0.12601802,-0.6292838000000001,0.41502336
kT0miHPT,-0.38226992,0.30701566,-0.11258706,-0.53779066,0.33317912
kaW0TfRn,-0.28224832,0.038144723,-0.08402766,-0.2775376,0.15456465
kmg3SowO,-0.34008405,0.04063824,-0.0961072,-0.29798695,0.16105843
kpxKSlnF,-0.1104984,-0.06844711,-0.14491689,0.112204775,0.09868522
ku2cn1MV,-0.09533543,-0.046162724,0.010719515,-0.14179632,-0.09811025
l1su5HU9,-0.23836973,0.059719056,-0.13808203,-0.12916613,0.19675249
l8Tg2RvD,-0.21281157,-0.06264685,-0.016335301,-0.2118794,0.039513424
lB6NsVOc,-0.46406487,0.49294358,-0.08744471,-0.6915835,0.4472838
lEcdVyKk,-0.44670436,0.48379552,-0.13399385,-0.66596246,0.45535275
lH4TasGl,-0.10386074,-0.09516208,-0.033263803,-0.023712099,-0.04574708
lO9aggHW,-0.2069034,0.14363147,-0.13377592,-0.16377565,0.24963981
lW3m9Vzu,-0.17134361,-0.056374945,-0.12309171,0.009397045,0.11160973
lYLseGDP,-0.26388136,-0.119999334,-0.05105552,-0.11299774,0.048378523
lcOnCdZi,-0.13592628,-0.13544121,-0.045076087,0.0025081038,-0.0028990954
le9YGwON,-0.1455642,-0.09496869,-0.108873904,0.046585746,0.09084409
llMvu3TX,-0.12824555,-0.07392852,0.04632532,-0.19372237,-0.13512427
lnHh2jFO,-0.107010745,-0.09874897,-0.031438403,-0.027549177,-0.0416279
m07CVXd4,-0.42262888,0.3999865,-0.09958446,-0.6862557,0.38321546
m1lPk91z,-0.3099971,0.24257632,-0.08258147,-0.50335777,0.27843379999999995
m9IQdmwa,-0.43515864,0.43657702,-0.12672122,-0.6428617,0.42154005
mG9BRy5x,-0.29137132,0.19212027,-0.13622628,-0.28489637,0.27777487
mVHXnama,-0.35967433,-0.08642071,0.05831469,-0.43237308,0.0074445903000000015
mXyrR6nU,-0.31042802,0.1190602,-0.105095774,-0.35133776,0.2121914
mbzNdxNc,-0.2317571,-0.02448973,-0.10733144,-0.11232799,0.1298629
mntH7g3L,-0.132543,-0.1402135,-0.05328679,0.025452435,0.0025610551
msRTXP3H,-0.35221305,0.12828918,-0.1029032,-0.41155663,0.21470916
mxBjvIPR,-0.32425088,0.11061858,-0.1079559,-0.35253670000000004,0.20771462
n8Opmfbz,-0.042581916,-0.01481726,-0.057638913,-0.02714467,-0.021706097
nOkgU29Q,-0.20881337,-0.009818174,-0.13220719,-0.06452054,0.14492214
nhttf7VM,-0.14656422,-0.1234083,-0.0073588938,-0.07928024,-0.046066217
njLbXYa3,-0.2446656,-0.110101,-0.03444978,-0.14491591,0.046398424
nwkIpzmh,-0.12040072,-0.05834339,0.047673322,-0.20667443,-0.13888723
nzB1R9Zg,-0.140457,-0.08051348,-0.07567191,-0.02658151,0.066491276
o1rZRI84,-0.10428435,-0.09150398,-0.02792631,-0.0365915,-0.05207102
o7q5Mbty,-0.10268557,-0.1053107,-0.048071496,0.012019008,-0.028202698
oCBvysqB,-0.08510432,-0.10538677,-0.08555256,0.08572584,0.013435103
oDmycTPH,-0.45516512,0.36559784,-0.031175248,-0.90757275,0.3203736
oFAXZvQv,-0.24797578,0.17368735,-0.12458433,-0.21494049,0.26572070000000003
oHE3M1zX,-0.26108193,0.13338546,-0.13672344,-0.20913628,0.24199253
oMhVmSpV,-0.11011826,0.014800921000000003,-0.12661402,0.011650071,0.16798346
oNsDqVbi,-0.13873318,-0.042451605,0.1074223,-0.33427206,-0.20597711
oYAJqQk8,-0.38911656,0.038960904,0.06400422,-0.6346109999999999,0.07711436
ob5Kb6dW,-0.44744596,0.5357015,-0.13230228,-0.70727575,0.48758993
obnzqs79,-0.3611731,-2.3350120000000007e-05,0.031688116,-0.5030190999999999,0.077779606
oncLcgRP,-0.33086112,0.07538392,-0.079804,-0.37019512,0.17355952
ooWVYaAe,-0.19347528,-0.062526755,-0.114517294,-0.016211644,0.10658638
osdyOUnV,-0.31226593,0.1120673,-0.10799441,-0.20274565,0.2224361
p7H9CzCv,-0.22545923,-0.0032022372,-0.13150284,-0.086093634,0.14774022
p7U9hVhY,-0.4316087000000001,0.443224,-0.13461763,-0.6193706999999999,0.4304981
pE6Cf1RV,-0.34102443,0.21366413,-0.111067355,-0.43220147,0.27463275
pI7qzotI,-0.23427819,0.051762104,-0.13795345,-0.11977705,0.19154003
pJrIA4sk,-0.31017396,-0.015075646000000003,-0.019536838,-0.34853634,0.09352612
pXne2CLZ,-0.1380625,-0.109437406,-0.1297039,0.1781085,0.01845742
pZMcDIOS,-0.40286514,0.345603,-0.12432802,-0.5516732,0.36355832
pavfp3cc,-0.14713328,-0.12802172,-0.019224524,-0.05837576,-0.026707016
pbQdC5L3,-0.31097406,0.19266291,-0.13505381,-0.3110064,0.27644837
pgj7aAFP,-0.32195857,0.22600867,-0.12650177,-0.37212476,0.29234797
pxg8G3ed,-0.283351,0.15515746,-0.13707037,-0.24809611,0.2549955
q36Npk6l,-0.37447977,0.20911674,-0.06647443,-0.6024866,0.24448648
q4aDOVvq,-0.14990929,-0.1460691,-0.04336407,-0.00092580914,0.00051064044
qGmfR9CN,-0.123718865,-0.035309583,-0.1390329,0.058056875999999986,0.13339509
qJ51ODpA,-0.3304739,0.098994106,-0.1260897,-0.29654986,0.21032986
qQX3cs3I,-0.107399225,-0.06460493,0.011321686,-0.13129732,-0.09857268
qXeIxPb8,-0.41505727,0.43770158,-0.13400510000000002,-0.59874797,0.4274576
qYQ4MShM,-0.100609824,-0.123236075,-0.07422614,0.07513043,0.0027857572
qa0etnhK,-0.10527521,-0.082947165,-0.015441187,-0.06671825,-0.06686359
qbL4sboq,-0.12928495,-0.13080984,-0.03530962,-0.006333217,-0.028411604
qbYrsWHq,-0.10908641,-0.04846379,-0.07976591599999999,-0.03498839,0.07321228
r1zmcUqQ,-0.24017473,-0.12039775,-6.295740599999999e-06,-0.18593499,0.0039537176
r54iHeQC,-0.43918362,0.45392203,-0.1324694,-0.6417519,0.43573254
r6xrAnQV,-0.08460986599999999,-0.049563646,-0.11974225,0.101649925,0.09282412
r9HxnQDg,-0.249423,0.13536458,-0.084904924,-0.35478607,0.21419913
rG8Puuf9,-0.101234995,-0.117837414,-0.06634903,0.0561229,-0.006547168000000001
rGuiefuR,-0.20529754,-0.07018836,-0.107956454,-0.028113857000000003,0.10094517
rJ19OhGP,-0.46248928,0.5746054,-0.13173153,-0.752512,0.5114095999999999
rOCYepHd,-0.11274064,-0.01847808,0.07862469,-0.2937001,-0.17831433
rQJaOPFI,-0.34569037,0.19009657,-0.12385455,-0.38257304,0.26661867
rQhZtZeh,-0.33383092,0.21397062,-0.104971975,-0.4427975,0.27170852
rapmok0w,-0.3650092,0.050965086,-0.07834412,-0.36354956,0.15846774
rgzfnPVu,-0.19100226,-0.115486324,0.07013763,-0.25581970000000004,-0.11337555
ri4qhb1S,-0.22420526,-0.12511553,0.011659943,-0.18491414,-0.019065015
rqpFYzff,-0.32024127,0.18520127,-0.117927894,-0.3684623,0.2613936
rrs22coX,-0.44463804,0.47122937,-0.09931809,-0.6100645,0.44199878
sEeUCQLc,-0.417017,0.34731907,-0.13710691,-0.53001285,0.37124705
sHScwqQl,-0.42121142,0.4066072,-0.12803921,-0.60267603,0.4038138
sNC7DiAt,-0.41717553,0.36481416,-0.13653239999999994,-0.54384756,0.3821149
sNK2TSs3,-0.35680893,0.48968548,-0.12791699,-0.5800531,0.4608885
sO7Su6uw,-0.3358369,0.038260445,-0.087627396,-0.17005512,0.1625951
sOWZx89o,-0.42956316,0.4153878,-0.13544546,-0.5955918,0.41324887
sPbRcPjC,-0.14858429,-0.13766286,-0.07756118,0.045533568,0.04361295
scVUfTKI,-0.18354467,-0.044819944,-0.123250894,-0.017257348,0.12182316
seRaGeVv,-0.24165723,-0.03166902,-0.07851581,-0.16484952,0.112179324
sgtwiYWi,-0.29927272,-0.054351397,-0.059098423,-0.2114338,0.08947175
sjmLHcT6,-0.3949182,0.17680065,-0.027932353,-0.65255606,0.20713535
skZUZZGS,-0.32866988,0.21350409,-0.13730921,-0.33835825,0.29018146
suAmzADX,-0.1380625,-0.109437406,-0.1297039,0.1781085,0.01845742
t4GWLqlO,-0.14814803,-0.091530256,0.017431593999999998,-0.16307083,-0.05975879
t7gy6Jyy,-0.16707286,-0.08756375,0.03641408,-0.22221237,-0.06068089
tBadzH60,-0.110951364,-0.03392952,0.056079708,-0.23929885,-0.15160266
tXUWm0hp,-0.27438408,0.029811263,-0.09083922,-0.24762389,0.15302154
te6UPPxf,-0.095264055,-0.07645605,-0.13824214,0.1081897,0.076686665
ti2lamkL,-0.11044463,-0.03830587,0.049694277,-0.22389072,-0.1440371
tr0lpwuU,-0.14676243,-0.08726518,-0.09903854,0.14661723,0.018950336
ttdB5C73,-0.2234446,-0.07661112,-0.047852404,-0.14995,0.07216006
twS8YZu9,-0.29867940000000004,-0.08270496,-0.02098076,-0.24571246,0.055353604
tx68W34H,-0.2108139,-0.017268158000000002,-0.12881087,-0.06231737,0.13904288
tyQSX4mY,-0.18925235,-0.10592963,0.0843875,-0.28570500000000004,-0.1344352
tylKCRc0,-0.33671507,0.17601858,-0.10208469,-0.4290013,0.24560207
u1544WUo,-0.18234198,-0.13705134,-0.0051559284,-0.10451016,-0.024477609
uAw9an0d,-0.10903125,-0.050511226,0.0318856,-0.18091822,-0.122937106
uLZAEXMG,-0.109662905,-0.045056477,0.03984452,-0.20012319,-0.13236699
uMwe1s7I,-0.1380625,-0.109437406,-0.1297039,0.1781085,0.01845742
ufhGeV3q,-0.3732547,0.20698254,-0.11960115,-0.43817922,0.2735885
uhAeGBHo,-0.21980873,-0.031915434,-0.121484786,-0.06209041,0.12625131
ujHNlqpw,-0.11213331,-0.023722827,0.07097212,-0.27523446,-0.16924748
ulV6kuhB,-0.4106725000000001,0.43670565,-0.13382727,-0.59365,0.42694235
uohEnNEK,-0.15863925,-0.099038675,-0.10710317,0.042862467,0.083264746
v1lhA8I4,-0.43969434,0.67256665,-0.12711787,-0.8063241,0.5727807
v3JzigLI,-0.30688357,0.029205486,-0.014031641,-0.41709462,0.11650054
v5IwjyIg,-0.10293948,-0.10311793,-0.044872053,0.0042987317,-0.03199344
v6lp5TK1,-0.31187123,0.21069278,-0.089136936,-0.46385023,0.2616699
v8vOaaWq,-0.36004590000000003,0.20364861,-0.13765602,-0.36609218,0.28246254
vAYKtoil,-0.10115523,-0.1185262,-0.06735402,0.058547936,-0.005356446
vGTNQa6G,-0.09279008,-0.10239412,-0.13170908,0.13490799,0.041347865
vQzNxHoL,-0.1252755,-0.15407662,-0.07199283,0.08913672,-0.00489334
vfZGBUJm,-0.25355583,-0.038928553,-0.050894216,-0.21635807,0.094986744
vlooVUoT,-0.22583152,0.030770406,-0.13661095,-0.102219075,0.17566222
vrACvd4O,-0.18009366,-0.13751437,-0.025608368,-0.068133265,-0.0021126047
w8hdjLwb,-0.23135273,0.070104405,-0.0964874,-0.2547161,0.17995688
wAntv4gH,-0.13814904,-0.019582346,-0.0920005,-0.07874277,0.11491604
wIUL09q0,-0.37106892,0.040605888,0.008948289,-0.5214896,0.11169973
wOzx7Fgz,-0.26454425,-0.017023504,-0.07607546,-0.20541263,0.11924817
wPhjhCJQ,-0.47539932,0.6121036,-0.13110486,-0.7945479,0.5344061
wQSWWmYB,-0.25817847,-0.014205217,-0.06677532,-0.2226944,0.11659534
wdIMrXwy,-0.12819508,-0.06917585400000001,0.05192796,-0.20784548,-0.14189723
wiL9npQc,-0.4224225,0.30169147,-0.10767231,-0.5945296,0.32490185
wnU95Cxn,-0.11328946,-0.013738558,0.085540034,-0.31038693,-0.18650779
wpJbbjJs,-0.106459886,-0.0727167,-0.0005140900599999999,-0.10273746,-0.08454945
wsOWTAbI,-0.12925997,-0.13579893,-0.05160092,0.021473467000000003,-0.0018555671
wtdBcU3U,-0.32173437,-0.022408381,0.0066445842,-0.39694098,0.07696686
wuKXVxOc,-0.42904243,0.21234061,-0.076928884,-0.35421702,0.2766561
wyzadAt8,-0.46915564,0.5932255,-0.13143267,-0.7736371999999999,0.52282256
wzaKzYwi,-0.38650185,0.22445102,-0.050640455999999986,-0.4781383,0.26349026
x6GCk4EV,-0.42601326,0.41804695,-0.13518623,-0.5941739,0.4149852
x6lUi3vf,-0.104702964,-0.087888986,-0.022651732,-0.04931912,-0.058320425
x8mwDHv9,-0.3671841,0.25010008,-0.12380527,-0.4478847,0.30391997
xIYm6puH,-0.10310026,-0.10172953,-0.042846248,-0.0005895495400000001,-0.034393646
xO6UdpsK,-0.17539342,-0.13872693,-0.04150144,-0.036139099999999987,0.013510138
xQ2bkOvj,-0.1380625,-0.109437406,-0.1297039,0.1781085,0.01845742
xeXyDCEQ,-0.10183723,-0.11263666,-0.058760688,0.037812144,-0.015537962
xrggHziO,-0.17319663,-0.08086191,-0.07610381,-0.05412525,0.081538275
y1WMCmqQ,-0.33550295,0.019345596,-0.101254806,-0.25592127,0.15123989999999998
yDngezhM,-0.32202375,-0.07466021,0.0988299,-0.48194048,-0.050346218
yLiFjMD0,-0.29589190000000004,0.23871376,-0.13489333,-0.3257788,0.30662152
ySwEBO7w,-0.12815124,-0.054349102,-0.120005675,0.07761327,0.11805630000000003
ydC9UsSm,-0.40374362,0.1852747,-0.14061013,-0.39404258,0.27014983
ydEG4VBd,-0.25059676,-0.07976424,-0.06563651599999999,-0.13037839999999998,0.0783709
yf76yWXc,-0.11141833,-0.114974365,-0.040331207,0.003244236,-0.035162278
yg70e63n,-0.17371911,-0.13571127,-0.07663803,0.020455018,0.05204512
ywxtlSKv,-0.1001458,-0.1272433,-0.080073014,0.089238994,0.009713221
yzKPQPOR,-0.1380625,-0.109437406,-0.1297039,0.1781085,0.01845742
z5cnOnZ1,-0.22864355,-0.12363662,-0.0100027695,-0.15499046,0.008679837
zFLkOE0e,-0.13338059,-0.13015103,-0.06555049,0.029023528,0.026685618
zGi72mxL,-0.104165725,-0.09252843,-0.029421091,-0.0329846,-0.050299987
zN925UV3,-0.13068877,-0.05148857,-0.13309869,0.046719015,0.12194989
zTy2ih7e,-0.40043455,0.20838399,-0.08507134,-0.3347548,0.27637407
zVFzAutw,-0.25446334,0.17559741,-0.13500041,-0.23561972,0.2683797
zYxNAkht,-0.4274113000000001,0.23960976,-0.054678362,-0.7092489000000001,0.25547642
zaWDBai3,-0.35773584,0.2685426,-0.13687614,-0.41002324,0.32369580000000003
zg3u0Zsx,-0.20715338,-0.018961951,-0.12762679,-0.06171021,0.14014694
zlwLfdsS,-0.14389986,-0.096353784,-0.11051279,0.15942764,0.019482784
zmbKzVfl,-0.33484414,0.075743824,-0.09971067,-0.19567356,0.19391766
